,count,mean,std,min,25%,50%,75%,max
QUANTITYORDERED,2701.0,34.659755646057015,9.33568056672746,6.0,27.0,34.0,43.0,66.0
PRICEEACH,2701.0,82.99031469825991,20.31535642509641,26.88,67.82,93.34,100.0,100.0
SALES,2701.0,3354.5406368011845,1549.2513016336375,482.13,2167.22,3113.64,4300.5,7901.1
MSRP,2701.0,97.4305812661977,36.62252006007906,33.0,68.0,96.0,121.0,194.0
