YEAR,total_sales,avg_sales,orders_count
2003,3223393.13,3347.241048805815,104
2004,4337423.61,3349.361861003861,144
2005,1499797.52,3385.5474492099324,59
