PRODUCTLINE,total_sales,avg_sales,orders_count
Classic Cars,3276689.65,3719.2845062429055,189
Vintage Cars,1775469.69,2989.0062121212122,175
Trucks and Buses,1085798.78,3668.2391216216215,73
Motorcycles,1058843.27,3319.2578996865204,72
Planes,932109.32,3096.7087043189367,59
Ships,714437.13,3053.150128205128,65
Trains,217266.42,2858.7686842105263,44
