COUNTRY,total_sales,avg_sales,orders_count
USA,3240992.41,3393.709329842932,112
Spain,1125162.14,3399.281389728096,36
France,974826.53,3282.244208754209,37
Australia,559104.41,3194.882342857143,19
UK,451774.46,3204.074184397163,13
Italy,324981.38,3037.2091588785047,8
Finland,311028.4,3455.8711111111115,9
Norway,273539.92,3419.249,9
Singapore,254111.32,3388.1509333333333,9
Germany,211531.13,3467.723442622951,7
