model,mse,rmse,mae,r2
LinearRegression,694965.1544940863,833.6457008190507,644.1563123821417,0.7937179474693472
RandomForestRegressor,772551.2454078279,878.9489435728493,647.2847845394742,0.7706885653801583
