{
  "ref_label": "year_2003",
  "cur_label": "year_2005",
  "psi_total": 0.009160203678757002,
  "psi_per_bin": [
    0.0017708369538074129,
    9.36326080950665e-05,
    0.002174362756608401,
    0.0017262880957147158,
    7.608589232561445e-05,
    0.0005932979706344427,
    0.00021637036982801317,
    0.0016628172390801563,
    0.0008256765594600346,
    2.0835233203144583e-05
  ],
  "ref_props": [
    0.07268951194184839,
    0.17757009345794392,
    0.19106957424714435,
    0.17445482866043613,
    0.1360332294911734,
    0.08411214953271028,
    0.07580477673935618,
    0.04984423676012461,
    0.020768431983385256,
    0.017653167185877467
  ],
  "cur_props": [
    0.08447488584474885,
    0.1735159817351598,
    0.17123287671232876,
    0.15753424657534246,
    0.13926940639269406,
    0.091324200913242,
    0.07990867579908675,
    0.0593607305936073,
    0.02511415525114155,
    0.0182648401826484
  ]
}